Employee_ID,Name,Age,Gender,Department,Experience_Years,Salary_USD,Remote_Work,Performance_Score,City
1,Emma Martinez,27,Female,Product,0,86241,No,8.93,Chicago
2,Noah Jackson,46,Female,Product,14,69549,No,9.78,Chicago
3,Ethan Clark,33,Female,HR,0,69940,No,6.5,Denver
4,Mia Martin,48,Female,Software,1,90732,Yes,6.95,Seattle
5,Olivia Anderson,40,Female,Data Science,13,91259,Yes,9.88,Chicago
6,Sophia White,43,Female,HR,15,76494,No,8.46,San Francisco
7,William Davis,40,Male,Software,14,109492,No,6.54,Seattle
8,Emma Taylor,46,Female,Management,13,133635,Yes,6.73,Seattle
9,Elijah Martin,49,Male,Product,7,100362,No,8.36,Los Angeles
10,Harper Johnson,51,Female,Product,11,65983,No,7.27,Austin
11,Olivia Thomas,54,Male,Management,20,129802,Yes,6.73,Austin
12,Logan Martinez,53,Male,Software,0,105433,Yes,8.02,San Francisco
13,Jacob White,36,Male,Data Science,8,118700,No,8.06,San Francisco
14,Amelia Davis,50,Female,Design,18,85029,Yes,8.78,New York
15,James Thompson,23,Female,Software,1,93619,Yes,9.62,Los Angeles
16,Evelyn Moore,39,Male,Management,16,144997,Yes,8.14,Seattle
17,Amelia Thomas,50,Male,Data Science,12,74692,No,8.16,Chicago
18,Jacob Harris,34,Male,Management,12,137452,Yes,8.12,Chicago
19,James Rodriguez,30,Male,Management,7,130816,Yes,9.56,New York
20,Ava Thomas,34,Female,Data Science,10,107495,Yes,7.94,Austin
21,Sophia Jackson,29,Female,Management,4,132076,No,9.02,New York
22,Ava Thomas,46,Female,Data Science,13,85647,No,7.4,New York
23,Charlotte Wilson,25,Female,Management,1,106586,No,9.13,San Francisco
24,Evelyn Davis,54,Male,Management,11,105943,No,8.76,Denver
25,Mason Martin,31,Male,Software,1,92602,Yes,7.04,Chicago
26,Emma Perez,24,Male,Software,1,115835,No,9.37,Chicago
27,Mason Jackson,33,Female,Data Science,2,72758,No,6.93,Austin
28,Elijah Wilson,52,Female,Design,24,80717,Yes,8.0,Boston
29,Mason Johnson,56,Male,Management,12,132850,Yes,9.38,Denver
30,Harper Davis,49,Male,HR,11,61148,Yes,8.97,San Francisco
31,James Martinez,54,Male,Software,23,117693,No,9.62,Austin
32,Logan Taylor,22,Female,Software,0,121008,Yes,9.46,Boston
33,Evelyn Perez,29,Female,Data Science,1,82695,No,6.99,Austin
34,Elijah Jackson,26,Female,Data Science,2,99817,No,7.95,San Francisco
35,Evelyn Brown,27,Female,Design,2,58102,Yes,8.61,Seattle
36,Lucas Davis,30,Female,Design,0,57770,Yes,9.21,Seattle
37,Mason Harris,26,Female,HR,4,59054,No,9.43,Austin
38,Logan Rodriguez,24,Male,Data Science,1,83060,Yes,9.41,Boston
39,Emma Garcia,25,Female,Software,2,118721,No,9.36,Boston
40,James Davis,57,Male,Product,18,82124,No,8.12,Los Angeles
41,James Perez,42,Male,Design,7,84158,No,6.96,Austin
42,William Thomas,48,Male,Design,20,55168,No,8.42,San Francisco
43,Charlotte White,26,Female,Data Science,0,67089,Yes,8.12,Seattle
44,Emma Thompson,53,Female,HR,5,60394,No,9.17,Austin
45,Amelia Brown,36,Female,Management,10,131454,No,9.93,New York
46,Ethan Clark,39,Female,Management,14,116366,No,9.49,Los Angeles
47,Isabella Johnson,38,Female,Product,16,106337,No,8.07,Denver
48,Sophia Harris,34,Male,Design,12,77948,Yes,9.03,Chicago
49,Sophia Rodriguez,31,Female,Design,9,66346,No,9.07,Los Angeles
50,Elijah Anderson,51,Female,Management,24,115323,Yes,6.55,Austin
51,Ethan Moore,22,Male,HR,0,63027,No,9.38,Seattle
52,William Johnson,30,Female,Data Science,0,90028,No,6.77,San Francisco
53,Emma Thomas,25,Female,Product,1,65199,No,9.33,Boston
54,Liam Martinez,53,Male,HR,1,58734,Yes,6.77,Chicago
55,Amelia Garcia,55,Male,Design,9,86788,Yes,9.52,Los Angeles
56,Mason Perez,24,Male,Data Science,2,72095,No,8.42,New York
57,Isabella Perez,51,Female,Software,20,109506,No,8.26,Boston
58,Emma Thomas,31,Male,Design,9,51714,Yes,7.32,New York
59,Lucas Thompson,45,Male,Data Science,14,118020,Yes,7.45,Los Angeles
60,James Jackson,52,Male,Data Science,13,88407,Yes,6.86,Seattle
61,Olivia Johnson,50,Male,Management,17,115143,Yes,7.69,Chicago
62,Evelyn Wilson,50,Male,Product,10,65261,No,8.5,San Francisco
63,William Martin,39,Female,Data Science,14,96485,Yes,8.86,New York
64,Lucas Martin,38,Male,Management,0,105114,No,9.0,Austin
65,Noah Miller,34,Male,Management,4,114942,No,8.72,Denver
66,Ava Martinez,58,Female,Software,9,98180,No,8.17,Seattle
67,Elijah Miller,39,Male,HR,13,66912,Yes,7.96,Seattle
68,Ava Rodriguez,23,Male,Software,1,105196,No,6.63,Boston
69,Sophia Martin,30,Female,Data Science,7,99482,Yes,7.88,San Francisco
70,Mia Brown,22,Female,Management,0,106693,Yes,9.24,Seattle
71,Olivia Martinez,31,Female,Product,4,98639,Yes,8.23,Los Angeles
72,Isabella Perez,59,Male,Design,16,79387,Yes,7.89,Denver
73,Isabella Martinez,22,Male,HR,0,58449,No,9.5,Chicago
74,Lucas Clark,51,Male,Product,8,91262,Yes,9.09,San Francisco
75,Mason Martinez,28,Female,Data Science,3,86065,Yes,9.91,New York
76,Jacob Brown,30,Female,Data Science,7,119115,Yes,9.65,Boston
77,Olivia Thompson,50,Male,Software,8,107476,Yes,8.16,Los Angeles
78,Isabella Harris,47,Female,Data Science,3,120852,No,8.41,Los Angeles
79,Evelyn Moore,36,Male,Design,11,83483,Yes,9.47,Chicago
80,Liam Davis,40,Male,HR,10,52779,Yes,7.68,Los Angeles
81,James Taylor,52,Male,HR,8,73923,Yes,6.97,San Francisco
82,Lucas Thompson,59,Male,Product,1,98969,Yes,7.46,San Francisco
83,Liam Martin,43,Female,Data Science,17,97549,No,8.18,Los Angeles
84,Noah Rodriguez,54,Female,Product,16,91423,No,9.98,Chicago
85,Ethan Rodriguez,47,Female,Design,24,94015,Yes,8.68,Austin
86,Olivia Thomas,47,Male,Data Science,5,74055,Yes,9.84,Los Angeles
87,Mia Garcia,55,Female,HR,22,62693,No,8.1,Boston
88,Elijah Taylor,38,Male,Data Science,11,81433,Yes,9.32,Denver
89,Sophia Jackson,42,Male,Data Science,9,74411,Yes,8.18,Los Angeles
90,Isabella Johnson,34,Male,HR,12,73985,Yes,8.29,Denver
91,Emma Martinez,28,Male,Design,0,82092,No,8.06,New York
92,Charlotte Garcia,47,Female,Design,13,58203,Yes,7.34,New York
93,Harper Lee,47,Female,Product,12,89161,No,7.3,Seattle
94,Mason White,22,Female,Design,0,78959,Yes,8.03,Chicago
95,Charlotte Davis,42,Male,Product,2,62429,Yes,9.62,New York
96,James Clark,42,Male,Software,13,121978,Yes,8.57,Seattle
97,Harper Clark,40,Female,Data Science,15,82268,Yes,9.58,Chicago
98,Elijah Clark,22,Female,HR,0,64130,Yes,7.73,New York
99,Ethan Lee,25,Male,Design,2,81298,Yes,9.76,Austin
100,Charlotte Martinez,52,Male,Product,20,92697,No,6.69,Los Angeles
101,William Clark,31,Male,Management,7,141977,No,6.51,New York
102,Elijah Anderson,25,Male,Management,3,120652,Yes,7.98,Seattle
103,Jacob Miller,51,Male,Software,4,104161,Yes,10.0,New York
104,Jacob Garcia,57,Male,Design,6,78348,Yes,6.77,Boston
105,Olivia Lee,52,Female,Management,9,112880,Yes,9.83,Denver
106,Lucas Lee,31,Male,Data Science,5,92280,Yes,6.95,New York
107,Emma Wilson,58,Male,Management,5,136233,No,8.94,Boston
108,Olivia Thompson,53,Female,Data Science,6,67080,Yes,9.48,Seattle
109,Elijah Rodriguez,38,Male,Software,1,77043,No,9.92,New York
110,Lucas Lee,24,Male,Product,0,77574,No,8.24,New York
111,Mason Perez,24,Male,Product,1,93865,Yes,9.24,Chicago
112,Ethan Rodriguez,56,Male,Management,7,147685,Yes,8.97,San Francisco
113,Harper Jackson,40,Female,HR,5,64013,Yes,6.91,Los Angeles
114,Ethan Brown,56,Male,Data Science,18,107793,No,7.58,Los Angeles
115,William Thomas,44,Female,Product,1,79069,No,8.69,San Francisco
116,Amelia Clark,24,Female,Product,1,83365,Yes,7.15,San Francisco
117,Lucas Lee,33,Male,Design,4,55132,Yes,9.06,San Francisco
118,James Rodriguez,35,Male,Software,4,80708,Yes,7.66,Chicago
119,Charlotte Miller,23,Female,Software,1,86611,No,9.07,Chicago
120,Jacob Clark,44,Male,Management,13,124491,Yes,7.47,Boston
121,Jacob White,31,Male,Management,8,106078,No,8.42,Boston
122,Logan Davis,49,Male,Management,8,124354,Yes,8.62,New York
123,Mia Clark,55,Male,Design,24,54872,No,7.0,Denver
124,James Garcia,48,Female,HR,14,61791,No,8.77,Chicago
125,Evelyn Lee,51,Male,Management,20,106368,Yes,8.64,San Francisco
126,Mia Harris,57,Male,Software,1,121796,No,8.64,Chicago
127,Mia Johnson,43,Male,Design,18,76611,No,6.68,San Francisco
128,Lucas Clark,22,Male,Management,0,97002,Yes,7.27,Austin
129,Olivia Garcia,30,Male,HR,5,65243,Yes,9.62,Chicago
130,James Martinez,42,Female,Software,14,79535,Yes,8.65,Chicago
131,James Brown,41,Male,Data Science,12,99021,No,7.75,Denver
132,Ethan Harris,26,Female,Data Science,2,73940,Yes,8.62,Seattle
133,Isabella Davis,32,Male,Software,1,106532,No,9.76,Seattle
134,William Taylor,34,Male,Design,7,46471,Yes,8.33,New York
135,Amelia Miller,38,Female,HR,8,65705,No,7.79,Boston
136,Noah Moore,58,Female,Data Science,8,87715,No,8.73,Denver
137,Olivia Miller,59,Female,Management,7,149892,Yes,9.39,San Francisco
138,Noah Lee,43,Female,HR,10,77571,Yes,8.14,Seattle
139,James Harris,45,Female,Data Science,3,105019,No,7.41,Boston
140,Mia Harris,59,Male,Product,20,106864,Yes,9.11,San Francisco
141,Sophia Miller,24,Male,Software,0,93141,Yes,7.37,New York
142,Noah Brown,44,Female,Design,20,51518,No,9.33,Boston
143,Logan Miller,26,Female,Management,3,132840,Yes,6.86,Boston
144,Evelyn Taylor,30,Female,Management,5,121970,No,9.43,Austin
145,Noah Martin,44,Female,Product,15,63668,Yes,7.94,Denver
146,Mason Jackson,53,Male,HR,13,70656,Yes,9.06,New York
147,Amelia Lee,39,Female,Software,0,86850,Yes,6.93,New York
148,Ethan Harris,57,Male,Software,1,119717,Yes,7.67,Denver
149,Isabella Clark,49,Female,Product,23,66880,No,8.39,Boston
150,Harper Rodriguez,31,Female,Design,7,77422,Yes,8.51,Denver
151,Logan Perez,50,Female,Software,15,112362,No,7.0,San Francisco
152,Charlotte Wilson,47,Male,HR,16,58606,No,6.56,San Francisco
153,Ava Rodriguez,38,Female,Software,10,124501,Yes,6.53,Denver
154,Jacob Harris,49,Female,Management,8,127736,Yes,9.27,Seattle
155,Elijah Thompson,35,Male,Product,12,96589,Yes,7.93,Austin
156,Charlotte Thomas,39,Male,Software,15,93327,Yes,9.1,New York
157,Elijah Thompson,36,Female,HR,11,55653,Yes,9.31,Chicago
158,Noah White,36,Male,Product,3,88404,Yes,7.73,Austin
159,Ava Davis,25,Female,Management,2,106332,No,9.41,Seattle
160,Evelyn Brown,30,Female,Design,1,77988,Yes,9.24,New York
161,Mia Wilson,53,Female,Software,19,122549,Yes,7.18,Chicago
162,Liam Harris,49,Female,Data Science,5,102552,No,8.79,Boston
163,Sophia Thomas,57,Female,HR,9,74621,No,8.99,Austin
164,Charlotte Harris,37,Male,Management,7,103488,No,9.04,Chicago
165,Evelyn Lee,32,Male,Management,0,148198,Yes,9.29,Seattle
166,Evelyn Brown,59,Female,Management,24,132820,No,7.17,Chicago
167,Emma Thompson,34,Male,HR,10,60560,No,9.25,Boston
168,Isabella Thomas,58,Male,Data Science,19,71921,Yes,7.42,Boston
169,Noah Martin,42,Female,Management,2,132216,No,7.63,Seattle
170,Liam Jackson,50,Female,Design,6,78206,No,8.97,Boston
171,Elijah White,59,Male,HR,15,55780,Yes,9.99,Boston
172,Evelyn Davis,56,Male,Product,14,110208,Yes,8.48,San Francisco
173,Ethan Anderson,56,Female,Product,21,92526,Yes,8.67,Seattle
174,Logan Brown,56,Male,Management,2,105843,Yes,9.97,New York
175,Charlotte Taylor,40,Male,Product,10,100889,No,7.83,San Francisco
176,Ethan Clark,55,Male,HR,22,53059,No,8.11,San Francisco
177,Logan Clark,59,Male,Design,24,82745,No,7.81,San Francisco
178,James Harris,44,Male,HR,10,66793,Yes,8.44,Denver
179,Noah Davis,22,Female,Software,0,121190,No,8.09,Denver
180,Liam Taylor,35,Male,HR,1,58728,No,8.09,Los Angeles
181,Ethan Perez,41,Male,Management,5,116261,Yes,8.5,New York
182,Ethan Davis,59,Female,HR,1,72441,Yes,6.73,Austin
183,Jacob Jackson,47,Female,Product,16,96916,Yes,8.26,New York
184,Olivia Brown,48,Female,Design,20,76025,Yes,8.92,Seattle
185,Mason Garcia,52,Male,Data Science,22,86579,No,7.72,Boston
186,Harper Anderson,33,Male,Software,0,88018,Yes,7.96,Los Angeles
187,William Martin,55,Female,Product,19,64403,No,8.35,Seattle
188,Charlotte Thomas,58,Male,Software,24,100350,No,7.55,Denver
189,Elijah White,51,Male,Software,23,96164,No,7.24,Los Angeles
190,William Rodriguez,43,Female,Software,3,120767,Yes,8.97,Seattle
191,Charlotte Martin,53,Male,Data Science,4,119817,Yes,6.51,Austin
192,Ethan Harris,44,Male,Product,16,86890,Yes,7.97,New York
193,Mason Davis,30,Male,Data Science,5,78288,Yes,9.52,New York
194,Logan Perez,36,Male,Data Science,14,93282,Yes,8.21,Chicago
195,James Anderson,37,Male,Management,8,126706,Yes,9.3,New York
196,Emma Taylor,37,Male,HR,6,55972,No,9.36,Los Angeles
197,Elijah Taylor,27,Female,Management,2,121928,Yes,8.43,Boston
198,Sophia Clark,46,Female,Product,12,68211,No,9.49,New York
199,Mason Brown,24,Male,HR,0,73099,Yes,7.38,Denver
200,Sophia Perez,31,Male,Management,2,149874,Yes,7.68,Denver
201,Noah Wilson,46,Female,Software,8,108915,Yes,7.42,Boston
202,Harper White,34,Male,Data Science,12,76214,No,7.03,Chicago
203,Noah Thomas,54,Female,Product,0,77129,Yes,6.64,Denver
204,Ava Miller,29,Male,Design,7,65650,Yes,9.2,Boston
205,Charlotte Lee,37,Female,Data Science,6,99400,Yes,7.82,Boston
206,Olivia Moore,51,Female,Management,17,129330,No,8.85,Los Angeles
207,Harper Martinez,31,Male,Product,4,59920,Yes,9.29,Los Angeles
208,Amelia Taylor,32,Male,Design,1,86691,No,9.7,Chicago
209,Mia Clark,29,Male,HR,7,57377,No,9.13,Seattle
210,Sophia Martinez,52,Female,Product,16,74723,No,7.86,Boston
211,Sophia Clark,59,Male,HR,4,55153,No,7.97,Boston
212,Isabella Johnson,45,Female,Management,16,140995,Yes,8.79,San Francisco
213,Noah Harris,59,Female,Data Science,1,76870,Yes,8.09,Austin
214,Evelyn Anderson,53,Male,Design,16,77628,No,7.47,Los Angeles
215,Evelyn White,49,Male,HR,0,76637,Yes,7.8,New York
216,Evelyn Lee,25,Male,Management,1,144155,No,8.07,San Francisco
217,Elijah Brown,55,Female,HR,2,71587,No,9.14,Denver
218,Mason Johnson,31,Female,Design,2,66968,Yes,8.12,Denver
219,Amelia Moore,47,Male,Data Science,14,78604,No,7.6,Chicago
220,Jacob Martin,22,Female,Data Science,0,112781,No,9.38,San Francisco
221,Isabella Miller,42,Female,HR,0,71501,Yes,7.08,Austin
222,Liam Perez,26,Male,Software,0,119106,Yes,9.56,Boston
223,Liam Harris,44,Male,Management,2,103966,Yes,9.23,San Francisco
224,Isabella Perez,58,Female,Product,23,108541,No,8.95,Los Angeles
225,Liam Clark,51,Male,Design,10,49896,No,9.12,Seattle
226,James Thomas,49,Male,Product,8,84170,Yes,6.68,New York
227,Noah Martinez,33,Female,Design,0,70653,Yes,9.64,Austin
228,Amelia Lee,36,Female,Design,0,70257,Yes,9.32,San Francisco
229,James Miller,38,Female,HR,12,73601,Yes,7.83,Austin
230,Liam Jackson,36,Female,Product,5,65446,No,7.97,Boston
231,Mason Johnson,55,Male,Software,14,98658,Yes,7.66,Los Angeles
232,James Martinez,35,Female,Data Science,13,80722,No,8.93,Los Angeles
233,Sophia Perez,56,Female,Data Science,18,89847,No,7.81,Seattle
234,Emma White,22,Male,Software,0,119686,No,7.26,Boston
235,Harper Harris,25,Female,Data Science,3,121298,Yes,8.31,New York
236,Noah Brown,23,Female,Design,0,53445,No,7.27,Chicago
237,Sophia Rodriguez,29,Male,Design,6,82835,Yes,6.82,Seattle
238,Noah Davis,59,Male,Management,17,122365,Yes,9.63,Boston
239,Mia Anderson,44,Female,Design,4,86584,No,7.38,Chicago
240,Amelia Miller,39,Male,Management,14,139660,No,9.6,San Francisco
241,William Anderson,24,Male,Software,1,80714,No,7.24,Chicago
242,Olivia Lee,53,Male,Design,21,65406,Yes,7.43,Austin
243,Mason Martin,24,Male,Data Science,0,68229,No,9.6,San Francisco
244,Lucas Harris,26,Female,Design,3,88154,Yes,7.96,Denver
245,Olivia Perez,46,Male,Data Science,9,72499,Yes,6.56,New York
246,William Miller,35,Female,Management,2,143222,Yes,9.42,Chicago
247,Emma Thomas,28,Female,Software,6,87110,Yes,6.68,Seattle
248,Harper Miller,32,Male,Data Science,0,81808,Yes,6.64,Denver
249,Noah Miller,33,Male,Product,11,68967,No,8.98,San Francisco
250,Jacob Miller,29,Male,Software,6,87345,Yes,9.41,Los Angeles
251,Ethan Moore,38,Female,Software,16,96062,Yes,8.08,Seattle
252,Liam Taylor,50,Male,Software,14,97096,Yes,9.55,Denver
253,William Wilson,58,Male,Data Science,2,73695,Yes,7.23,Boston
254,Olivia Wilson,58,Female,Design,22,53902,Yes,7.93,Boston
255,Evelyn Clark,37,Female,Management,1,124971,Yes,9.92,San Francisco
256,Sophia Davis,57,Female,Data Science,21,72073,Yes,9.27,Austin
257,Ethan Clark,41,Male,Product,8,64902,No,8.37,Denver
258,Charlotte Garcia,43,Male,Software,3,110172,Yes,9.92,Austin
259,Isabella Lee,51,Male,Data Science,2,81633,Yes,8.02,Denver
260,Elijah Miller,31,Female,Product,1,94997,Yes,6.58,Seattle
261,Jacob Clark,52,Female,Management,10,125025,No,6.56,Denver
262,Lucas Thomas,33,Male,Design,0,50620,Yes,9.18,Seattle
263,Emma Garcia,23,Female,Software,1,132908,Yes,8.86,New York
264,Lucas Davis,24,Female,Software,2,96303,No,7.82,Los Angeles
265,William Miller,49,Female,Software,24,85985,Yes,6.71,Los Angeles
266,Evelyn Perez,37,Male,Product,12,90571,No,8.58,Los Angeles
267,Liam Thompson,33,Female,Software,7,127462,Yes,8.71,Austin
268,Mason Miller,22,Female,Product,0,109000,No,7.89,Chicago
269,Sophia White,36,Male,Design,11,51149,Yes,8.41,San Francisco
270,Elijah Miller,58,Male,Software,17,102288,Yes,9.48,San Francisco
271,Sophia Taylor,57,Male,Product,21,73784,Yes,8.53,Boston
272,Lucas Thomas,44,Female,Management,12,102595,No,6.65,New York
273,James Martinez,33,Male,Design,0,70688,No,9.73,New York
274,Logan Martin,55,Male,Software,4,113887,No,6.91,Austin
275,Charlotte Lee,54,Female,Software,20,89601,No,9.63,New York
276,Sophia Jackson,41,Male,Software,2,127785,Yes,8.83,Denver
277,Ava Miller,26,Male,Product,3,89869,Yes,9.92,Denver
278,Isabella Clark,32,Male,Software,5,79815,No,7.62,Austin
279,Logan Anderson,22,Female,Design,0,57724,No,6.97,Denver
280,Harper Taylor,24,Male,Management,2,116172,No,9.31,Seattle
281,Ethan Thomas,40,Female,Design,5,85598,No,8.05,New York
282,Noah Davis,43,Male,HR,10,74448,Yes,7.54,New York
283,Mason Taylor,34,Female,Design,11,90928,Yes,7.32,Seattle
284,James Perez,47,Male,Management,9,107942,Yes,7.04,Austin
285,Charlotte Perez,56,Female,Product,7,90133,No,9.68,New York
286,Liam Moore,25,Male,Product,0,58545,No,8.35,Boston
287,Ava Moore,45,Female,Software,15,93082,No,9.76,Denver
288,Sophia Garcia,28,Male,Data Science,5,86652,No,8.53,New York
289,Ava Johnson,47,Female,Management,24,124786,No,6.71,Austin
290,Harper Moore,49,Male,Design,16,81261,Yes,6.5,Austin
291,Olivia Anderson,59,Female,Software,22,108485,No,8.61,Los Angeles
292,Lucas Clark,59,Male,Data Science,19,109432,No,8.67,Chicago
293,Amelia Thomas,47,Male,Management,3,114642,Yes,8.39,Los Angeles
294,Elijah Moore,48,Female,Design,13,79505,Yes,7.8,Denver
295,Amelia White,58,Male,Management,16,139320,Yes,7.6,San Francisco
296,Logan Clark,23,Male,Design,1,76703,Yes,8.87,Denver
297,Logan Lee,47,Male,Management,22,109572,No,8.14,Chicago
298,Evelyn Lee,39,Male,Data Science,4,119418,No,8.66,Los Angeles
299,Noah Jackson,30,Male,HR,5,78784,No,8.64,Chicago
300,Ava Lee,39,Male,Design,2,87983,Yes,7.2,Boston
301,Ethan White,25,Female,Management,0,123206,Yes,9.25,Seattle
302,Emma Rodriguez,42,Male,Software,15,113403,No,8.17,New York
303,Lucas Perez,43,Female,Data Science,4,85511,Yes,8.4,Boston
304,Jacob Harris,36,Male,Product,6,68732,No,6.68,Los Angeles
305,Ethan Clark,59,Female,Software,12,94941,No,8.16,Chicago
306,Logan Anderson,42,Female,Product,2,73779,Yes,6.9,Boston
307,Evelyn Perez,28,Female,Data Science,6,109111,No,9.81,San Francisco
308,Sophia Davis,29,Male,Product,7,103804,No,9.15,Los Angeles
309,James Lee,35,Female,Design,8,83447,No,6.66,Austin
310,Evelyn Harris,34,Female,Software,10,124521,Yes,7.94,New York
311,Sophia Brown,30,Male,Data Science,7,82358,Yes,9.85,Denver
312,James Johnson,29,Female,HR,5,67377,No,7.09,Denver
313,Elijah Martinez,41,Male,Design,17,84076,No,9.73,Boston
314,Mason Miller,34,Female,Product,1,83331,Yes,9.56,Los Angeles
315,Charlotte Clark,45,Female,Product,8,105113,No,9.06,Austin
316,Isabella Lee,49,Male,Management,0,115475,No,6.99,Austin
317,Jacob Clark,56,Male,Management,7,124508,Yes,8.71,Denver
318,William White,56,Male,Software,12,123462,No,7.93,Boston
319,Harper Harris,27,Female,Software,2,124492,Yes,7.72,Austin
320,Mason White,36,Female,Software,0,111919,No,6.74,Seattle
321,Olivia Thompson,28,Female,Design,1,82286,Yes,7.19,Boston
322,William Perez,34,Female,Management,0,147651,No,8.3,Los Angeles
323,Harper Harris,46,Female,Management,17,101961,Yes,7.62,Denver
324,Ethan Moore,23,Female,Management,1,106729,Yes,8.43,Seattle
325,Elijah Miller,45,Female,HR,12,84115,No,8.69,Los Angeles
326,Emma Brown,44,Male,Software,18,88533,Yes,9.27,Boston
327,William Rodriguez,39,Female,Data Science,1,96936,Yes,6.79,San Francisco
328,Logan Thompson,52,Female,Software,9,118478,No,6.55,New York
329,Ava Martin,30,Female,Product,8,112410,No,8.97,Denver
330,Emma Perez,26,Male,Data Science,3,110905,Yes,9.99,Los Angeles
331,Ava Miller,31,Male,Management,8,100756,No,6.5,Los Angeles
332,Liam Davis,58,Male,Software,9,88138,No,7.59,New York
333,Harper Martin,44,Male,Design,6,45912,Yes,8.92,Boston
334,Elijah Lee,41,Female,Software,11,120995,Yes,7.22,San Francisco
335,William Perez,27,Male,HR,2,57340,Yes,8.73,Austin
336,Noah Perez,43,Male,Product,18,77144,No,9.28,Seattle
337,Logan White,56,Female,Product,22,91852,Yes,8.2,San Francisco
338,William Johnson,29,Female,Data Science,1,77167,No,9.51,Chicago
339,Logan Martin,48,Female,Data Science,9,81825,No,6.69,Los Angeles
340,Emma Martinez,45,Female,Data Science,10,118659,Yes,7.12,Los Angeles
341,Harper Rodriguez,35,Female,Product,2,107046,No,9.34,New York
342,Mason Lee,41,Male,Software,15,82894,Yes,9.1,Chicago
343,Logan White,25,Male,HR,2,72872,Yes,7.84,Boston
344,Ava Davis,32,Male,Product,9,62859,No,8.11,San Francisco
345,Elijah Wilson,26,Female,Design,2,54698,Yes,8.94,Seattle
346,Elijah Garcia,52,Female,Design,16,57415,Yes,9.86,Denver
347,Jacob Taylor,36,Female,Software,1,100310,No,9.92,Chicago
348,Ava Anderson,53,Male,Data Science,19,103504,Yes,7.1,Austin
349,Logan Rodriguez,39,Male,HR,6,72557,No,9.94,Boston
350,Ava White,23,Female,HR,0,65073,No,7.18,Denver
351,William Wilson,37,Female,Product,1,97086,No,9.13,Los Angeles
352,Lucas White,42,Male,Design,6,62300,Yes,7.41,New York
353,Elijah Brown,37,Female,Management,2,122085,No,8.3,Boston
354,Charlotte Thomas,43,Female,Design,21,87797,Yes,7.31,New York
355,Charlotte Miller,22,Male,Management,0,120540,No,9.1,New York
356,Noah Rodriguez,54,Female,Product,9,88796,Yes,6.69,Seattle
357,Mia Martinez,45,Female,Software,23,86931,Yes,8.9,Los Angeles
358,Noah Brown,38,Male,Management,14,141746,Yes,6.63,New York
359,Emma Taylor,28,Female,Management,1,116763,No,9.97,Boston
360,Ava Harris,50,Male,Data Science,20,103488,No,9.66,San Francisco
361,Liam Lee,48,Female,Data Science,5,104110,No,6.74,Boston
362,Lucas Thomas,40,Female,Product,2,70449,Yes,8.23,Chicago
363,Evelyn Perez,55,Female,Software,0,78389,Yes,9.24,Denver
364,Olivia Harris,43,Female,HR,2,61077,No,9.16,Seattle
365,Mason Thomas,22,Female,Software,0,116887,Yes,9.08,New York
366,Jacob Perez,37,Male,Product,11,64854,Yes,8.26,New York
367,Evelyn Martin,38,Female,Product,6,62480,No,8.41,Seattle
368,Elijah Clark,28,Male,Data Science,2,103038,No,9.09,New York
369,Noah Taylor,41,Male,HR,0,74863,Yes,9.83,Los Angeles
370,Noah White,34,Female,Management,6,135433,Yes,7.13,Los Angeles
371,Charlotte Martin,48,Female,Management,24,141708,Yes,7.84,Austin
372,Isabella Taylor,35,Female,Data Science,12,70953,Yes,9.71,Boston
373,James Perez,24,Female,HR,1,65644,No,7.6,Austin
374,Ava Martin,53,Female,HR,5,76514,Yes,7.35,New York
375,Jacob Anderson,54,Male,HR,9,63422,No,8.55,Los Angeles
376,James Taylor,53,Female,Product,14,76260,No,8.15,Chicago
377,Charlotte Thompson,57,Male,HR,17,53374,No,9.49,San Francisco
378,Amelia Martinez,46,Male,HR,4,62357,No,6.81,Chicago
379,William White,58,Male,Software,24,116959,Yes,7.7,Boston
380,William Garcia,38,Male,Product,15,74046,Yes,8.44,Seattle
381,Sophia Brown,38,Female,Product,9,59268,Yes,9.62,Denver
382,James Lee,50,Female,Management,3,134609,Yes,8.25,Los Angeles
383,Charlotte Taylor,49,Male,Management,4,137290,No,7.42,Chicago
384,William Jackson,39,Female,Product,2,60058,Yes,7.59,New York
385,Sophia Martinez,24,Female,Product,2,87252,No,9.79,Denver
386,Mia Thomas,28,Male,Management,5,118485,Yes,6.68,San Francisco
387,Olivia Jackson,31,Male,Design,5,58398,Yes,8.18,Boston
388,Evelyn Lee,28,Male,Management,0,147582,No,9.12,Denver
389,Harper Martinez,41,Male,Management,2,112229,Yes,9.64,Boston
390,James Moore,54,Male,Software,12,106418,No,6.69,Los Angeles
391,Elijah Taylor,30,Male,Software,6,91912,Yes,9.05,New York
392,Olivia Brown,24,Male,Software,2,85210,Yes,9.78,New York
393,Ethan Garcia,27,Male,Software,4,129794,Yes,8.59,Los Angeles
394,Mia Anderson,28,Male,Management,2,145766,No,7.46,Los Angeles
395,Evelyn Lee,24,Male,Data Science,1,70034,No,9.12,New York
396,Sophia Anderson,32,Male,Design,5,71994,No,9.02,New York
397,Harper Brown,33,Female,HR,5,53601,No,6.92,San Francisco
398,Isabella Harris,52,Male,HR,18,57492,No,9.89,Seattle
399,Elijah Garcia,26,Female,Data Science,2,119525,Yes,8.83,Austin
400,Ethan White,33,Female,Design,8,47413,Yes,7.19,Denver
401,Noah Brown,41,Female,Software,15,105455,No,9.32,New York
402,James Rodriguez,51,Female,Management,6,145878,No,6.63,Seattle
403,Lucas White,43,Male,Product,11,106540,No,7.64,San Francisco
404,Charlotte Harris,29,Female,Product,4,84300,No,8.0,Boston
405,William Jackson,49,Female,Data Science,24,73971,No,6.92,New York
406,Mason Thomas,55,Male,HR,24,75948,Yes,8.03,Austin
407,Ethan Perez,42,Female,Management,1,123078,Yes,8.5,New York
408,Logan Thompson,45,Male,Software,7,115795,Yes,9.88,Denver
409,Emma Clark,47,Male,Data Science,3,117593,No,8.09,San Francisco
410,Liam Moore,40,Female,Management,15,129377,No,8.42,Chicago
411,Charlotte Lee,47,Male,Data Science,21,81503,Yes,9.87,Boston
412,Charlotte Thompson,34,Female,Management,4,104181,Yes,7.71,Boston
413,Logan Jackson,44,Female,Design,7,50936,Yes,7.45,New York
414,Jacob Harris,36,Female,Data Science,9,87405,Yes,7.14,Seattle
415,Emma Wilson,42,Male,Management,5,123995,No,7.38,Seattle
416,Amelia Thompson,48,Male,Software,6,116929,No,9.33,Denver
417,Lucas Thompson,46,Male,HR,11,53695,No,8.38,Boston
418,Logan Anderson,49,Male,Software,23,104520,No,9.35,Chicago
419,Mia Clark,32,Female,Design,9,63151,No,9.73,Denver
420,Olivia Johnson,31,Female,Design,8,57814,No,7.21,Seattle
421,Evelyn White,25,Male,Product,2,99616,No,9.31,San Francisco
422,Mia Taylor,24,Male,Data Science,0,123141,Yes,9.15,New York
423,James Moore,25,Female,Software,0,119023,No,7.31,Los Angeles
424,Sophia Jackson,55,Female,Design,9,65483,Yes,8.86,San Francisco
425,Ethan Garcia,47,Female,Product,16,81329,Yes,8.27,San Francisco
426,Emma Martin,23,Male,HR,0,59469,Yes,7.59,Los Angeles
427,James Thomas,55,Female,Design,22,89965,No,9.53,Denver
428,Amelia Rodriguez,25,Male,Design,3,55488,No,9.52,Austin
429,Mia Wilson,33,Female,Management,6,138950,No,8.45,Denver
430,Noah Martin,36,Male,Data Science,6,117059,No,8.78,Los Angeles
431,Evelyn Lee,39,Male,Software,13,116102,Yes,7.3,Boston
432,Amelia Martinez,25,Male,Software,2,114688,No,8.08,Denver
433,Mia Garcia,31,Female,Management,5,115413,Yes,7.15,Denver
434,Emma Thompson,42,Female,Product,16,103640,Yes,9.78,San Francisco
435,Mia Miller,40,Male,Software,3,92783,Yes,8.37,Seattle
436,Lucas Wilson,31,Male,HR,5,78841,No,6.68,Los Angeles
437,Ethan Johnson,59,Male,Software,21,125272,Yes,9.38,New York
438,Evelyn Martinez,54,Male,HR,0,52945,No,7.04,San Francisco
439,James White,59,Male,Data Science,12,85492,Yes,7.88,Los Angeles
440,Sophia Brown,34,Female,Product,0,80927,No,6.82,Boston
441,Logan Martinez,41,Male,Design,8,79577,No,7.25,Chicago
442,Isabella Davis,39,Female,Design,6,61708,No,9.49,Chicago
443,Noah White,33,Female,HR,3,70826,No,9.48,San Francisco
444,Liam White,32,Male,Software,2,117087,No,7.68,San Francisco
445,Charlotte Lee,56,Female,Management,21,113999,No,7.0,New York
446,Liam Thomas,53,Male,Data Science,6,74612,No,8.79,Los Angeles
447,Charlotte White,50,Female,Software,17,103870,Yes,6.96,San Francisco
448,James Thompson,30,Female,Product,8,77709,No,9.43,Seattle
449,Olivia Brown,46,Male,Software,11,81781,Yes,7.31,Seattle
450,Mia Clark,25,Male,Management,2,132135,Yes,8.99,San Francisco
451,Ethan Lee,59,Female,Software,11,108233,Yes,7.35,San Francisco
452,Mia Thompson,52,Female,HR,18,49266,No,9.95,Boston
453,Emma Garcia,55,Male,HR,11,62702,No,9.78,San Francisco
454,William White,43,Male,Product,9,75101,No,7.51,Boston
455,Noah Johnson,38,Male,Data Science,5,118063,Yes,9.55,Chicago
456,William Johnson,56,Female,Design,2,66901,Yes,8.01,Denver
457,Elijah Lee,34,Male,Management,3,129994,Yes,8.96,Boston
458,Mason Wilson,34,Male,Management,3,107163,Yes,6.98,New York
459,Mia Clark,24,Male,Data Science,2,94127,Yes,7.29,Austin
460,Harper Thompson,33,Male,Management,7,105020,No,7.41,Austin
461,Jacob Thompson,47,Female,Product,10,97678,No,6.68,Seattle
462,Ethan Lee,32,Female,Product,6,65419,Yes,6.97,Denver
463,Logan Lee,38,Male,Software,12,122428,No,9.19,Boston
464,Charlotte Clark,46,Male,Software,14,99177,Yes,9.32,New York
465,Mason Clark,26,Male,Software,1,93612,No,8.41,Seattle
466,Amelia Anderson,39,Female,Data Science,0,93571,No,8.14,San Francisco
467,Sophia Miller,26,Male,HR,3,55569,No,6.67,New York
468,William Davis,28,Male,Management,1,127444,No,9.89,Seattle
469,Charlotte Thomas,53,Male,HR,15,51958,No,8.03,Seattle
470,Logan Martin,24,Male,Management,0,113950,No,9.91,Denver
471,Harper Lee,23,Male,Design,0,74404,No,8.39,Seattle
472,Olivia Jackson,49,Male,HR,6,60247,No,6.72,Boston
473,Evelyn Martinez,31,Female,Product,4,55730,No,9.76,Boston
474,Isabella Martin,27,Female,Product,0,90433,No,7.57,Chicago
475,Mason Clark,47,Male,Product,7,79477,No,8.59,Chicago
476,William Martin,52,Female,Software,12,87148,No,8.25,Denver
477,Amelia Clark,59,Male,Software,13,88228,Yes,6.86,San Francisco
478,Liam Brown,42,Female,Management,19,149518,No,9.14,Los Angeles
479,Sophia Moore,37,Female,Design,3,53322,Yes,6.88,Chicago
480,Amelia Miller,52,Female,Management,13,136777,No,9.88,Denver
481,Mason Lee,50,Male,Data Science,18,113083,No,7.73,Denver
482,Lucas Jackson,48,Male,Management,13,107636,No,7.7,Boston
483,William Jackson,24,Female,Management,1,122852,No,8.85,Austin
484,Mason Lee,41,Male,Data Science,6,89564,No,7.23,Los Angeles
485,Ava Johnson,24,Male,HR,1,66336,No,8.19,Boston
486,Lucas Thomas,45,Female,Design,9,74941,Yes,8.89,Seattle
487,Charlotte Perez,32,Male,Data Science,0,97886,No,7.74,Austin
488,Charlotte Thomas,44,Female,Design,6,67379,Yes,6.86,Seattle
489,Isabella Rodriguez,36,Male,Management,1,114604,Yes,7.17,Denver
490,Isabella White,34,Male,HR,0,55005,Yes,8.51,Chicago
491,Mia Clark,37,Female,Product,9,102337,Yes,9.07,San Francisco
492,Sophia Harris,58,Female,Data Science,20,105050,Yes,8.8,San Francisco
493,Mason Johnson,43,Female,Software,1,122999,Yes,6.64,Seattle
494,Mia Miller,42,Female,Design,16,91047,No,8.92,Los Angeles
495,James Harris,35,Male,Data Science,10,88139,Yes,6.87,Chicago
496,Jacob Jackson,40,Male,Data Science,4,97904,Yes,9.78,Chicago
497,Emma Harris,31,Male,Design,0,91207,No,8.72,Boston
498,Evelyn Anderson,35,Female,HR,8,54492,Yes,6.83,Boston
499,Ethan Garcia,37,Female,Management,10,134292,No,9.37,Seattle
500,Lucas Wilson,46,Female,Software,24,91118,Yes,9.71,Los Angeles
501,Ava Brown,55,Female,Product,11,110907,Yes,9.07,Boston
502,Mason Rodriguez,24,Male,Design,1,82403,No,7.9,Boston
503,Amelia Garcia,24,Female,HR,1,62800,Yes,9.37,Austin
504,Liam Davis,30,Male,Data Science,1,71541,No,7.57,San Francisco
505,Liam Wilson,26,Male,Software,1,77557,Yes,7.77,Seattle
506,Amelia Moore,24,Female,Product,0,111305,No,9.62,Denver
507,Evelyn Rodriguez,33,Female,Design,0,87044,No,6.83,Denver
508,Evelyn Miller,43,Male,Product,20,83814,No,8.27,Chicago
509,Lucas Rodriguez,30,Male,Product,2,82622,Yes,6.57,Chicago
510,Charlotte Jackson,40,Male,Design,7,84693,Yes,9.01,New York
511,Ethan Martinez,40,Male,Data Science,4,115993,Yes,7.24,Denver
512,Ethan Johnson,26,Male,Data Science,1,110381,No,8.07,Chicago
513,Isabella Jackson,39,Male,Management,17,125024,Yes,8.2,Chicago
514,Ava Wilson,59,Male,Data Science,1,103913,Yes,8.55,Los Angeles
515,Noah Johnson,29,Female,Software,3,114419,No,8.2,Boston
516,Harper Anderson,33,Female,Data Science,2,78118,Yes,9.75,Austin
517,Emma Wilson,42,Male,Product,8,113491,No,9.49,Chicago
518,Ava Lee,55,Male,Design,18,72457,No,8.55,Boston
519,Logan Rodriguez,24,Female,Software,1,82122,No,7.51,Seattle
520,Liam Rodriguez,25,Male,Data Science,0,94132,Yes,8.28,Boston
521,Emma White,58,Female,Software,12,116381,No,9.3,Seattle
522,Charlotte Thompson,50,Male,Management,2,139398,No,7.7,Denver
523,William Rodriguez,23,Female,HR,1,72600,Yes,8.68,Seattle
524,Emma Perez,47,Male,HR,17,82033,Yes,6.99,Denver
525,Emma Jackson,57,Male,Design,12,80396,Yes,9.35,Denver
526,James Miller,23,Male,Design,1,65721,Yes,9.83,Seattle
527,James Brown,56,Female,Product,16,70227,No,8.38,Boston
528,Noah Jackson,32,Female,Design,6,51982,No,9.38,New York
529,Elijah Brown,26,Female,HR,3,58885,No,8.26,Boston
530,Elijah Anderson,53,Male,Design,5,86313,No,7.05,Austin
531,Lucas Moore,56,Male,Management,11,141980,Yes,9.31,Denver
532,Ava Garcia,24,Male,Design,0,54886,No,8.32,New York
533,Evelyn Lee,41,Female,Management,15,111911,Yes,9.87,Chicago
534,Mason Perez,53,Female,Product,23,98146,No,9.26,Denver
535,Liam Davis,57,Male,Design,16,65991,No,7.85,Austin
536,Ava Johnson,25,Male,Management,1,125668,Yes,6.78,San Francisco
537,Sophia White,42,Male,Data Science,16,119312,Yes,9.29,Los Angeles
538,Ava Harris,34,Male,HR,1,52600,No,8.22,Chicago
539,Liam Thomas,38,Female,Software,5,107058,Yes,9.92,Boston
540,James Jackson,45,Male,Design,20,73086,Yes,7.57,Austin
541,Liam Perez,37,Male,Software,6,102140,Yes,8.07,San Francisco
542,Olivia Anderson,57,Female,HR,15,59683,No,6.77,Denver
543,Liam Clark,59,Female,Data Science,2,100895,No,7.22,Chicago
544,William Johnson,55,Male,HR,14,55210,No,9.37,Denver
545,Isabella Taylor,52,Male,HR,23,64782,Yes,7.19,San Francisco
546,Emma Johnson,48,Female,Data Science,24,100422,Yes,6.63,Austin
547,Amelia White,43,Male,Management,18,148717,Yes,8.28,Denver
548,Amelia White,44,Female,Software,18,107810,No,8.39,Los Angeles
549,Evelyn Jackson,47,Female,Data Science,11,103940,No,7.77,Denver
550,Elijah White,29,Female,Data Science,4,113383,Yes,7.91,Los Angeles
551,Mia Rodriguez,30,Female,Design,2,54524,No,6.98,Los Angeles
552,Elijah Thompson,43,Female,Data Science,20,77808,No,8.08,Denver
553,Emma Miller,56,Male,Data Science,4,101594,No,8.29,Denver
554,Jacob Johnson,43,Female,Management,13,130394,No,9.03,Boston
555,Elijah Harris,50,Male,Product,16,98115,No,6.55,Los Angeles
556,Sophia Wilson,27,Female,Design,2,57408,Yes,10.0,Boston
557,Olivia Taylor,36,Male,HR,10,50987,No,9.84,Austin
558,Ava Martin,28,Male,Product,6,66504,No,8.19,Chicago
559,Harper Perez,35,Male,HR,1,72759,Yes,7.73,Boston
560,Jacob Lee,26,Male,HR,0,55342,Yes,9.23,San Francisco
561,Mason Davis,28,Female,Product,6,106531,No,9.95,Boston
562,Ethan Martin,39,Male,HR,11,80541,Yes,7.06,New York
563,Ava Johnson,32,Male,Software,7,116719,No,8.4,San Francisco
564,Elijah Martin,30,Male,Management,2,144779,Yes,7.11,San Francisco
565,Noah Wilson,37,Female,Design,10,70356,Yes,9.43,Boston
566,Liam White,54,Female,HR,15,54423,Yes,6.84,Boston
567,Mia Thompson,50,Female,Management,1,108181,Yes,7.39,Seattle
568,Logan Clark,54,Female,Management,14,148658,Yes,9.0,Denver
569,Harper Davis,54,Male,Data Science,7,74600,Yes,7.56,New York
570,Ethan Taylor,44,Male,Management,2,107349,Yes,8.85,Austin
571,Logan Jackson,45,Female,Data Science,1,84034,No,7.84,New York
572,Evelyn Lee,58,Female,HR,7,71558,Yes,8.19,San Francisco
573,Lucas White,37,Female,HR,12,50781,Yes,8.77,Chicago
574,Harper Miller,31,Female,Software,5,92766,Yes,6.79,Austin
575,James Miller,31,Female,Data Science,8,74248,Yes,6.63,Chicago
576,Lucas Martin,32,Male,Software,5,114821,No,7.95,New York
577,Sophia Wilson,25,Male,Product,0,106425,Yes,9.32,Denver
578,Charlotte Miller,37,Female,HR,6,76548,Yes,10.0,Chicago
579,Liam Clark,33,Male,Software,6,100833,Yes,8.07,Boston
580,Olivia Rodriguez,30,Male,Software,8,123237,Yes,8.14,Denver
581,Isabella Martin,50,Male,Product,17,77114,Yes,7.17,San Francisco
582,James Harris,53,Female,Design,15,73472,Yes,9.89,Austin
583,Liam Miller,26,Female,Design,4,71053,Yes,8.45,Austin
584,Emma Brown,58,Male,Software,22,86173,Yes,9.97,New York
585,Evelyn Taylor,48,Female,Data Science,15,97403,No,7.21,San Francisco
586,Olivia Jackson,41,Male,Management,15,124057,No,9.79,Chicago
587,Olivia Brown,47,Male,Design,11,71615,No,9.6,Seattle
588,Jacob Garcia,53,Female,Design,24,65818,Yes,6.7,Seattle
589,Evelyn Wilson,59,Male,Design,23,61506,Yes,9.03,Seattle
590,Evelyn Brown,31,Female,HR,7,59462,Yes,7.83,Los Angeles
591,Elijah Anderson,50,Female,HR,15,57384,No,8.58,New York
592,Harper Rodriguez,55,Female,Software,10,102666,Yes,9.44,Chicago
593,Sophia Rodriguez,28,Female,HR,1,78209,No,7.31,San Francisco
594,Noah Thomas,41,Male,Software,1,80674,Yes,6.69,Chicago
595,Harper White,48,Female,Product,16,88595,No,9.29,Seattle
596,Jacob Perez,55,Female,HR,3,61644,Yes,7.92,Seattle
597,Isabella Brown,27,Female,Data Science,1,68616,Yes,7.33,Los Angeles
598,Elijah Garcia,57,Male,Product,20,102965,Yes,6.78,Austin
599,Isabella Johnson,45,Male,Design,10,83779,Yes,7.48,New York
600,Noah Moore,40,Male,Design,9,78864,No,9.46,Los Angeles
601,Charlotte Wilson,23,Female,Data Science,0,75794,No,9.27,Seattle
602,Lucas Thomas,37,Male,Data Science,6,109126,Yes,6.78,Austin
603,Ava Johnson,29,Male,Product,4,75579,No,9.54,Austin
604,James Anderson,50,Female,Data Science,10,118406,No,9.89,New York
605,Ethan Anderson,49,Female,Design,6,72341,No,9.13,Denver
606,Olivia Davis,22,Female,Design,0,55641,Yes,6.59,Seattle
607,Olivia White,52,Male,Product,16,64779,No,7.63,Los Angeles
608,William White,46,Female,Product,1,105712,No,8.46,Seattle
609,Evelyn Thompson,58,Female,Data Science,22,97399,No,9.58,Seattle
610,Charlotte Garcia,42,Male,Management,13,130042,Yes,8.49,San Francisco
611,Ethan Garcia,46,Female,Design,18,51378,No,7.94,Los Angeles
612,Mason Davis,48,Female,Management,12,151281,No,7.84,Boston
613,Isabella Martinez,51,Female,Software,2,96582,No,8.06,Denver
614,Sophia White,42,Female,Data Science,19,107053,Yes,8.38,New York
615,Isabella Thomas,45,Male,HR,11,71533,Yes,6.7,Chicago
616,Evelyn Miller,22,Female,Product,0,83353,No,7.2,Austin
617,Elijah Taylor,45,Male,Software,15,121647,Yes,9.9,New York
618,Evelyn Thompson,33,Male,HR,5,52161,No,8.42,Austin
619,Isabella Brown,34,Female,HR,1,79741,No,7.4,San Francisco
620,Logan Johnson,31,Female,Product,1,82449,No,7.44,Chicago
621,Evelyn Miller,36,Male,Software,12,104164,Yes,8.03,Denver
622,Evelyn Wilson,45,Male,Management,1,144666,No,6.97,New York
623,Olivia Johnson,32,Male,Data Science,0,85317,No,9.63,Austin
624,Logan Moore,45,Male,Product,3,75723,No,8.76,New York
625,Ethan Wilson,57,Male,Design,4,65326,Yes,9.56,Boston
626,Emma Thomas,23,Female,Design,1,86046,No,8.35,Chicago
627,Charlotte Perez,49,Female,HR,10,71891,No,7.49,Los Angeles
628,Olivia Anderson,53,Male,Management,18,104603,Yes,6.51,Denver
629,Liam Rodriguez,48,Male,Management,8,139951,Yes,7.3,Seattle
630,James Johnson,25,Male,HR,0,70519,No,6.81,Boston
631,Charlotte Thompson,28,Female,Product,4,58566,No,8.59,Austin
632,Ethan Thomas,47,Male,Data Science,21,82656,No,7.28,Denver
633,Isabella Thomas,31,Male,HR,7,71136,No,6.51,Seattle
634,Harper Anderson,45,Male,HR,1,64656,No,6.76,Denver
635,Evelyn Anderson,36,Female,Management,2,136831,No,8.56,Boston
636,William Martin,44,Female,Software,11,105656,No,6.72,Boston
637,Harper Moore,54,Female,Management,18,132366,Yes,9.91,New York
638,Ethan Moore,57,Male,Software,20,85553,No,7.51,New York
639,Ava Johnson,58,Female,Management,17,128614,Yes,7.61,Los Angeles
640,Charlotte Rodriguez,41,Female,Management,9,139650,Yes,7.56,New York
641,Liam Perez,22,Male,Data Science,0,84439,No,7.16,Seattle
642,William Moore,38,Male,Management,16,139315,No,8.02,Seattle
643,Mason Thomas,52,Male,Software,16,129018,Yes,7.13,Denver
644,Amelia Harris,27,Female,Management,5,126143,No,8.37,Chicago
645,Charlotte Taylor,46,Male,Management,2,145014,No,7.25,Los Angeles
646,Mason Wilson,23,Male,Product,1,84082,No,6.81,Seattle
647,Mason Thompson,29,Female,Management,1,123221,Yes,8.55,Denver
648,William Rodriguez,39,Male,Design,17,64910,Yes,7.58,Los Angeles
649,Sophia Brown,27,Male,Management,5,119004,No,6.57,Denver
650,James Davis,50,Female,Data Science,10,90094,No,9.68,San Francisco
651,Evelyn White,40,Male,Product,9,81455,No,7.57,Denver
652,Emma Martin,30,Female,Design,2,68769,Yes,8.02,Denver
653,Logan Perez,23,Male,Management,1,131648,No,7.22,New York
654,James Lee,25,Female,Product,2,64597,No,8.19,Los Angeles
655,Ethan Garcia,32,Female,Software,8,109133,Yes,6.51,Los Angeles
656,Harper Miller,39,Male,HR,7,71480,Yes,9.48,San Francisco
657,Sophia Brown,51,Male,Management,20,108026,No,7.83,San Francisco
658,James Clark,29,Male,Data Science,3,103281,Yes,7.1,San Francisco
659,Charlotte Rodriguez,41,Female,Product,3,77984,Yes,9.03,Chicago
660,Sophia Thomas,47,Female,HR,5,55370,No,8.16,Boston
661,Noah Lee,49,Female,HR,20,61070,Yes,8.86,New York
662,Ethan Clark,41,Male,HR,14,72083,No,6.57,Los Angeles
663,Emma Moore,23,Male,Data Science,0,86166,Yes,7.95,Los Angeles
664,William White,54,Male,HR,11,59707,No,7.77,Los Angeles
665,Sophia Martin,36,Male,HR,6,76900,No,9.47,Chicago
666,Mia Taylor,32,Male,Product,8,97328,Yes,9.77,New York
667,Lucas Clark,30,Female,Design,1,62415,Yes,9.49,Los Angeles
668,Logan Anderson,36,Male,Data Science,0,89699,Yes,8.68,San Francisco
669,William Brown,48,Female,Product,24,79978,Yes,8.37,Seattle
670,Emma Perez,58,Female,HR,22,61123,Yes,7.08,Boston
671,Ava Brown,47,Female,Management,1,100950,No,9.63,New York
672,William Taylor,38,Female,HR,5,75995,Yes,6.77,Denver
673,Isabella Miller,25,Female,Design,0,52931,No,8.73,Seattle
674,William Taylor,32,Female,Software,1,93428,Yes,8.27,Los Angeles
675,William Rodriguez,30,Female,HR,1,77035,Yes,9.28,Chicago
676,Ethan Garcia,38,Male,HR,7,56123,Yes,6.92,Los Angeles
677,Ethan White,54,Female,HR,1,67760,Yes,7.49,Seattle
678,Charlotte Taylor,37,Female,HR,13,57968,No,9.74,Denver
679,Jacob Harris,44,Male,Data Science,16,84511,Yes,7.14,Seattle
680,Evelyn Harris,53,Female,Software,0,87492,No,8.01,San Francisco
681,James Thomas,23,Male,Management,1,143328,No,6.63,New York
682,William Johnson,48,Female,Product,8,96752,No,9.43,Denver
683,Lucas Anderson,59,Female,HR,6,61574,Yes,7.59,Boston
684,Elijah Rodriguez,28,Female,Software,1,122012,No,9.02,Seattle
685,Lucas Wilson,24,Male,Product,1,79002,No,6.73,Austin
686,Evelyn Taylor,49,Male,Design,22,88236,Yes,6.79,Chicago
687,Lucas Garcia,54,Female,Design,15,59135,Yes,9.69,Chicago
688,Elijah Garcia,29,Female,Product,5,88831,Yes,9.94,Seattle
689,Ava Davis,30,Male,Software,2,88411,No,8.27,Seattle
690,Elijah Miller,42,Male,Management,0,128366,No,7.45,Chicago
691,Sophia Taylor,35,Female,HR,2,67508,Yes,9.53,Austin
692,Charlotte Wilson,30,Female,Data Science,4,95222,Yes,9.67,Los Angeles
693,Jacob Thomas,33,Male,Data Science,2,97043,Yes,9.87,Seattle
694,Amelia Martinez,39,Female,Software,11,108074,No,8.17,Los Angeles
695,Noah Thomas,24,Male,Software,2,124682,No,8.2,New York
696,Amelia Rodriguez,22,Male,Design,0,68220,Yes,8.13,San Francisco
697,Mason Martin,59,Female,Data Science,17,122942,No,7.38,Chicago
698,Amelia Garcia,28,Female,Product,2,103395,No,9.24,San Francisco
699,Liam Martin,48,Female,Product,10,89625,No,7.36,San Francisco
700,Olivia Thomas,32,Male,Software,9,125056,Yes,7.7,Chicago
701,Ava Perez,37,Male,Product,0,69518,Yes,7.0,Seattle
702,Emma Wilson,35,Male,Product,9,64082,No,8.36,Los Angeles
703,Olivia Davis,48,Female,Management,4,122002,No,9.49,Seattle
704,Olivia Taylor,22,Male,Design,0,77274,No,7.39,Austin
705,Mia Thomas,47,Female,Software,15,108112,Yes,7.64,Denver
706,Emma Martinez,52,Male,Management,21,149860,No,7.74,Boston
707,Noah Thompson,26,Male,HR,1,58967,No,9.56,Denver
708,Ava Brown,51,Male,Software,20,116676,Yes,6.99,Los Angeles
709,Ethan Johnson,54,Female,Management,4,99583,Yes,9.45,New York
710,Harper Thompson,26,Male,Management,0,115526,Yes,9.88,Boston
711,Noah Thompson,30,Female,Product,7,74357,Yes,6.64,Boston
712,Emma Clark,41,Female,Management,17,119705,No,7.03,New York
713,William Miller,36,Female,Software,0,100910,No,7.62,Seattle
714,Ava Thomas,30,Female,HR,5,63250,No,9.08,Austin
715,Elijah Brown,48,Female,Software,11,90578,No,7.73,Austin
716,Mia Martinez,31,Male,Product,6,63808,No,7.72,Chicago
717,Sophia Harris,38,Female,Software,12,118735,No,9.79,Los Angeles
718,Amelia Rodriguez,58,Male,HR,13,76356,Yes,8.88,Boston
719,Ava Harris,38,Female,Data Science,12,110113,No,7.18,Boston
720,Lucas Harris,59,Male,HR,20,58776,Yes,8.32,Boston
721,Isabella Davis,29,Male,Management,2,116423,Yes,8.89,Los Angeles
722,Logan Perez,40,Male,Management,12,139978,No,8.67,San Francisco
723,Harper Moore,52,Female,Product,0,83166,No,7.14,Denver
724,Mason Brown,35,Male,Software,11,112615,No,8.91,Los Angeles
725,William Anderson,30,Male,HR,1,54721,No,8.55,Seattle
726,Logan Anderson,57,Female,HR,2,51639,Yes,7.39,Seattle
727,Jacob White,42,Male,HR,18,71895,No,9.0,Los Angeles
728,Sophia White,36,Female,Management,4,116883,Yes,7.58,New York
729,Noah Harris,44,Male,Design,17,68225,Yes,9.64,San Francisco
730,William Perez,58,Male,Product,18,72894,Yes,8.08,San Francisco
731,Jacob Clark,48,Male,Data Science,0,116826,No,8.78,Boston
732,Olivia Davis,52,Female,Software,20,82829,Yes,10.0,Austin
733,Evelyn White,24,Female,Software,0,89161,Yes,7.79,San Francisco
734,Olivia Clark,35,Female,Management,11,108761,No,9.42,Seattle
735,Ethan Thomas,54,Female,Software,0,115100,Yes,8.24,Seattle
736,Logan Perez,31,Male,Software,7,118099,No,6.98,Seattle
737,Noah Lee,49,Female,Management,18,141446,Yes,8.6,Boston
738,Ava Martin,28,Male,Software,6,124136,Yes,6.75,Chicago
739,Amelia Garcia,26,Female,Management,0,131709,No,6.94,Seattle
740,Sophia Harris,26,Male,Data Science,1,94593,No,7.15,Chicago
741,Ava Johnson,37,Female,Design,4,63423,Yes,7.5,Seattle
742,Mia Brown,33,Female,Product,0,63939,Yes,8.46,Boston
743,Amelia Martinez,45,Female,Design,17,84538,No,7.41,Boston
744,Evelyn Clark,42,Female,Management,18,124522,No,9.39,Chicago
745,Liam Rodriguez,58,Female,Data Science,8,115688,Yes,7.08,San Francisco
746,Mia Garcia,27,Female,Software,0,117921,Yes,7.93,Los Angeles
747,Evelyn Perez,57,Female,Product,7,59731,No,8.35,San Francisco
748,Evelyn Miller,47,Male,Product,23,93304,No,9.63,Chicago
749,James Martinez,45,Female,Design,7,89556,No,7.02,Seattle
750,Mason Davis,31,Female,Product,3,61876,No,8.85,Seattle
751,Charlotte Garcia,42,Male,Software,8,90137,Yes,7.28,Boston
752,Isabella Thomas,54,Female,Software,0,126672,No,6.91,Austin
753,Evelyn White,40,Male,Software,7,105026,No,9.25,New York
754,Charlotte Davis,52,Male,Product,0,91660,No,9.32,New York
755,Noah Johnson,35,Female,HR,10,56812,No,8.07,San Francisco
756,Jacob Miller,37,Female,Design,11,79228,Yes,9.05,New York
757,Emma White,54,Male,Software,24,90959,Yes,8.52,Chicago
758,Harper Johnson,38,Female,Data Science,1,74502,Yes,8.68,Austin
759,Harper Miller,44,Female,Management,21,114271,Yes,8.19,Austin
760,Elijah Perez,23,Male,Design,1,61348,Yes,9.13,Los Angeles
761,Amelia Johnson,38,Male,Software,11,90985,Yes,6.63,Austin
762,Sophia Brown,45,Female,Product,4,100862,No,9.55,Los Angeles
763,Evelyn Brown,36,Female,Data Science,12,84952,Yes,8.31,New York
764,Jacob Thompson,47,Female,Product,9,92254,Yes,7.1,Austin
765,Logan Anderson,57,Female,Design,2,81161,No,8.67,Los Angeles
766,Emma Jackson,22,Male,Management,0,137388,Yes,8.58,Seattle
767,Mason Martinez,36,Female,Management,0,139914,No,7.43,Los Angeles
768,Noah Clark,34,Female,Design,0,68577,Yes,9.29,Seattle
769,Elijah Martinez,40,Male,Product,14,100256,Yes,7.33,New York
770,William Thomas,31,Male,HR,4,71237,Yes,9.95,Chicago
771,Olivia White,40,Female,HR,0,68041,No,6.84,Los Angeles
772,Noah Thomas,32,Male,Software,0,122674,No,9.34,New York
773,Emma Jackson,37,Female,Management,14,117114,Yes,6.78,Chicago
774,James Clark,58,Female,Data Science,23,96617,No,8.06,Boston
775,Noah Lee,23,Female,HR,1,59915,Yes,8.48,Los Angeles
776,Lucas Brown,43,Female,Product,17,57180,Yes,9.78,San Francisco
777,Emma Thompson,28,Female,Management,0,129874,No,7.69,Austin
778,Mason Davis,50,Female,Management,21,137136,Yes,9.12,Los Angeles
779,Logan Wilson,58,Male,Product,6,63691,No,7.51,Austin
780,Mason Perez,28,Female,Data Science,5,76816,No,7.42,Los Angeles
781,William Rodriguez,54,Female,Design,3,65891,Yes,7.42,San Francisco
782,Evelyn Martinez,37,Female,Design,14,88572,Yes,7.83,New York
783,Charlotte Martin,52,Male,HR,17,80361,No,8.18,Boston
784,Charlotte White,46,Male,HR,23,76131,No,9.84,Seattle
785,Jacob Harris,55,Male,Product,6,57879,No,7.68,Seattle
786,Liam Martin,25,Female,Data Science,0,84037,No,8.09,San Francisco
787,Sophia Moore,58,Male,Design,21,74513,Yes,6.74,Boston
788,Sophia Perez,23,Female,Software,1,95315,Yes,6.62,San Francisco
789,Mia Johnson,57,Male,Software,8,115634,No,8.23,San Francisco
790,Harper Brown,23,Male,Management,1,107771,Yes,7.51,Seattle
791,William White,27,Male,Management,3,133982,Yes,6.53,Austin
792,Mason White,29,Male,Product,7,78807,No,7.85,Seattle
793,Lucas Rodriguez,25,Male,Software,0,83839,No,6.87,Austin
794,Ethan Brown,56,Female,Management,15,107972,No,9.39,San Francisco
795,Ava White,48,Female,Data Science,22,95829,Yes,7.4,Seattle
796,Sophia Thomas,56,Male,HR,9,61631,Yes,6.66,Boston
797,Liam Wilson,50,Male,HR,23,74208,No,8.84,Seattle
798,Noah White,32,Female,Design,2,58944,Yes,6.92,Chicago
799,Olivia Perez,50,Female,Design,19,54127,No,7.6,San Francisco
800,Emma Garcia,24,Female,Product,0,64522,No,7.63,Chicago
801,William Harris,36,Female,Management,5,137369,No,9.61,San Francisco
802,Noah Garcia,45,Male,Data Science,22,104308,Yes,9.97,New York
803,Noah Anderson,31,Male,Management,6,120116,Yes,9.63,Seattle
804,William Martin,37,Male,Management,1,118993,No,9.94,San Francisco
805,William Rodriguez,50,Female,Data Science,11,116741,Yes,9.78,Seattle
806,Charlotte Wilson,58,Male,Software,18,111478,No,7.73,Los Angeles
807,Ava Taylor,30,Female,Software,4,78403,No,8.91,Boston
808,Lucas Martinez,29,Male,Product,7,71102,Yes,8.9,Denver
809,Mason Garcia,42,Female,Product,11,108767,Yes,9.68,San Francisco
810,Elijah Anderson,41,Male,HR,17,74867,No,9.15,Chicago
811,Jacob White,23,Male,Management,1,117515,Yes,8.73,San Francisco
812,Elijah Thompson,56,Female,Management,11,119743,Yes,9.03,Seattle
813,Lucas Martin,31,Female,HR,6,79713,No,9.32,Los Angeles
814,Logan White,39,Male,Product,9,103431,Yes,9.49,Denver
815,Liam Garcia,31,Male,HR,6,73189,Yes,8.15,New York
816,Charlotte Johnson,33,Male,Design,10,49730,Yes,7.89,Boston
817,Logan Moore,27,Female,Product,3,94255,Yes,9.88,Denver
818,Olivia Perez,23,Male,Management,0,108495,Yes,6.95,Los Angeles
819,Charlotte Rodriguez,54,Female,Software,1,83377,Yes,8.55,Denver
820,Mia Lee,36,Male,Software,9,128888,Yes,8.89,Seattle
821,Olivia Wilson,54,Female,Product,22,100554,Yes,8.46,Seattle
822,Sophia Taylor,47,Female,Software,10,90577,Yes,6.9,Los Angeles
823,Liam White,47,Male,Data Science,11,78537,Yes,7.19,San Francisco
824,Jacob Brown,57,Female,Product,1,80434,Yes,8.82,Seattle
825,Jacob Martin,43,Female,Product,3,100019,Yes,8.35,Austin
826,Amelia Martin,39,Female,Management,10,121441,Yes,7.42,Denver
827,Ava Garcia,57,Female,Design,18,72326,Yes,7.81,Seattle
828,Mason Martinez,43,Male,Data Science,4,100858,No,6.92,Seattle
829,Noah Johnson,31,Male,Management,5,143137,No,9.38,Boston
830,Isabella Thomas,53,Female,Design,23,59734,No,7.91,New York
831,Isabella Miller,37,Male,Design,10,80987,Yes,6.68,Austin
832,Logan Johnson,40,Female,Data Science,2,79965,Yes,8.2,Denver
833,Isabella White,27,Female,Product,0,63424,Yes,7.53,Boston
834,James Harris,40,Male,Product,9,86003,No,7.78,New York
835,Isabella White,27,Male,Software,0,85747,No,8.54,San Francisco
836,Noah Lee,53,Male,Data Science,23,113371,Yes,7.82,New York
837,Amelia Perez,58,Female,Data Science,13,85278,No,7.05,Seattle
838,Ethan Perez,41,Male,Product,6,84807,No,6.87,Denver
839,Sophia Thompson,40,Female,Product,14,78370,No,6.84,New York
840,Amelia Moore,56,Male,Product,14,69300,Yes,9.17,San Francisco
841,Noah Miller,27,Male,Design,3,54819,No,8.42,Chicago
842,Elijah Anderson,26,Male,Design,3,75472,No,9.06,Seattle
843,Logan Harris,36,Male,Product,4,79535,No,9.27,Austin
844,Emma Garcia,49,Female,Product,17,109555,No,6.8,San Francisco
845,Harper Moore,52,Male,HR,11,76801,No,8.18,Boston
846,Lucas Moore,28,Male,Management,3,135741,No,8.32,Denver
847,William Clark,31,Male,Management,2,116761,No,7.67,Seattle
848,Elijah Rodriguez,30,Female,Product,6,64552,Yes,9.66,New York
849,Sophia Wilson,34,Male,HR,11,61012,Yes,6.83,New York
850,Amelia White,58,Female,Design,11,58997,No,9.26,Austin
851,Emma Taylor,30,Female,Software,5,94155,Yes,7.96,San Francisco
852,Harper Perez,24,Female,HR,2,75695,Yes,7.83,Boston
853,Harper Clark,46,Female,Management,11,114435,Yes,6.73,Austin
854,Logan Harris,40,Male,Product,15,74552,No,8.67,Chicago
855,Lucas Moore,35,Female,Software,4,121214,Yes,7.67,Seattle
856,Ava Davis,42,Male,Design,10,70411,No,9.58,Boston
857,Olivia Brown,27,Male,Data Science,3,99490,No,9.48,San Francisco
858,Mason Wilson,38,Female,Product,11,75823,Yes,8.35,Seattle
859,Olivia Miller,45,Male,Data Science,15,74365,Yes,6.9,Denver
860,James Perez,22,Male,Management,0,131307,Yes,7.06,Denver
861,Amelia Miller,39,Female,Product,12,71656,Yes,8.22,San Francisco
862,Olivia Anderson,49,Male,Data Science,12,84389,Yes,9.0,Chicago
863,Isabella Thomas,30,Male,Design,3,73192,No,8.25,Chicago
864,Mia Jackson,47,Male,Product,13,108263,Yes,7.83,Seattle
865,Liam Martin,22,Male,Design,0,79409,Yes,9.84,New York
866,Jacob Martinez,29,Male,Product,7,82361,No,9.68,Chicago
867,Noah Thomas,27,Male,Product,2,79649,Yes,6.96,Denver
868,Emma Davis,32,Male,Product,4,96098,Yes,6.58,New York
869,Lucas Miller,48,Female,Product,19,94845,No,8.4,Los Angeles
870,Sophia Lee,54,Female,HR,13,52080,No,8.73,Los Angeles
871,Amelia Wilson,34,Female,Design,8,81734,No,9.87,Seattle
872,William Harris,52,Male,Design,7,82132,No,6.55,Austin
873,Mia Miller,54,Male,Design,11,81474,Yes,9.02,Austin
874,Harper Johnson,51,Male,Product,21,57112,No,6.89,Denver
875,Isabella Brown,45,Male,HR,14,81654,Yes,7.31,Austin
876,Mason Thompson,33,Female,Data Science,3,75867,No,9.92,Seattle
877,Evelyn Wilson,25,Male,Software,3,125063,No,9.9,New York
878,Jacob Anderson,50,Male,Data Science,5,74316,No,9.59,New York
879,Ava Perez,32,Female,Data Science,7,114466,No,9.73,Austin
880,Elijah Davis,41,Male,Software,14,130221,Yes,6.58,Seattle
881,Charlotte Davis,30,Female,Management,3,124518,No,8.39,New York
882,Olivia Clark,49,Male,Management,13,106840,Yes,8.3,Seattle
883,Amelia Garcia,36,Female,Software,13,121662,Yes,8.77,Denver
884,Ava Garcia,42,Female,Management,14,111641,Yes,9.2,San Francisco
885,Charlotte Moore,50,Female,Management,8,117497,No,7.52,New York
886,Emma Thomas,25,Female,HR,0,67340,Yes,7.11,Los Angeles
887,Isabella Lee,23,Male,HR,1,75446,No,7.53,Denver
888,Evelyn White,49,Male,Data Science,17,86384,No,9.56,New York
889,Jacob Thompson,26,Female,Management,2,114174,No,8.4,Austin
890,Noah Davis,58,Male,Data Science,0,100827,No,8.21,Denver
891,Evelyn Lee,43,Male,Management,14,110593,No,9.69,Los Angeles
892,Noah White,22,Male,Software,0,84858,Yes,7.13,Los Angeles
893,Emma Harris,24,Female,Software,2,105512,Yes,8.86,San Francisco
894,Ava Moore,43,Female,Management,0,107275,Yes,8.27,Seattle
895,Harper Garcia,32,Female,Software,9,126598,Yes,8.04,Boston
896,Elijah Thomas,28,Male,HR,0,50372,Yes,9.86,Seattle
897,Mason Moore,35,Female,Data Science,1,86346,Yes,8.02,San Francisco
898,Charlotte Garcia,27,Male,Design,2,65063,Yes,7.38,New York
899,Ava Lee,40,Female,Software,9,98322,No,9.67,Seattle
900,Noah Moore,34,Male,Data Science,12,76099,No,8.55,Denver
901,Logan Lee,25,Male,HR,1,53201,Yes,8.8,San Francisco
902,Liam Anderson,33,Male,Data Science,1,68520,No,8.56,Los Angeles
903,Olivia Taylor,41,Male,Data Science,11,94517,Yes,8.27,New York
904,Lucas Johnson,48,Female,Management,14,140478,Yes,9.01,Los Angeles
905,Noah Martinez,56,Female,Data Science,9,83689,Yes,8.24,Los Angeles
906,Logan Miller,38,Male,HR,1,65923,No,7.25,Chicago
907,Isabella Perez,45,Female,Data Science,10,81843,No,9.92,San Francisco
908,Amelia Lee,30,Female,Design,6,78432,Yes,8.6,Austin
909,Logan Garcia,44,Female,Data Science,13,87773,Yes,7.02,Los Angeles
910,Mia Moore,24,Female,Product,0,107681,Yes,9.09,Chicago
911,Logan Jackson,43,Female,HR,15,64981,Yes,6.75,Boston
912,James Lee,58,Female,Software,12,115685,Yes,9.82,Seattle
913,Emma Anderson,37,Male,Product,9,77635,No,7.0,Seattle
914,Jacob Martinez,47,Male,Management,20,140450,No,6.91,Boston
915,Olivia Davis,52,Male,Management,20,138000,Yes,8.03,Boston
916,James Harris,23,Male,HR,1,75384,Yes,8.18,Austin
917,Sophia Perez,29,Female,Software,7,111720,No,8.83,Seattle
918,William Clark,28,Male,HR,6,70907,Yes,8.55,Chicago
919,Isabella Rodriguez,57,Female,Product,6,112010,Yes,9.57,Denver
920,James Thomas,31,Male,Data Science,5,76889,No,9.23,New York
921,Liam Harris,34,Female,Data Science,4,105675,No,9.57,Austin
922,William Johnson,57,Female,Design,17,56685,Yes,6.71,Seattle
923,Logan Rodriguez,43,Female,Product,12,69508,Yes,6.73,San Francisco
924,Harper Brown,49,Male,Management,13,103796,Yes,9.38,Boston
925,Jacob Thompson,32,Female,Design,4,55106,Yes,6.97,Denver
926,Evelyn Clark,26,Male,Product,2,64896,Yes,7.25,Chicago
927,William Martinez,46,Male,Product,0,79773,No,9.04,Boston
928,Olivia Brown,46,Female,Data Science,14,89378,No,8.23,Denver
929,Logan White,30,Female,Management,8,110940,No,7.68,Los Angeles
930,Amelia Rodriguez,25,Female,Management,3,146891,No,7.02,Chicago
931,Olivia Taylor,23,Male,Software,0,127234,Yes,8.19,San Francisco
932,William Rodriguez,46,Female,HR,11,69115,No,8.26,Chicago
933,Jacob Wilson,44,Female,Data Science,13,73106,Yes,8.63,Chicago
934,Isabella Brown,29,Male,Design,4,71886,No,9.52,Austin
935,Evelyn Miller,43,Male,Product,7,86707,Yes,7.89,Seattle
936,Lucas Wilson,44,Male,HR,1,59125,Yes,7.25,Denver
937,Emma Martin,44,Male,Product,21,61990,Yes,8.57,Austin
938,James Clark,59,Male,Design,21,89665,Yes,7.43,Austin
939,Sophia Davis,54,Female,Management,8,110382,No,9.16,Boston
940,Charlotte Anderson,37,Female,Data Science,9,100260,Yes,9.8,Austin
941,Noah Thompson,38,Female,HR,2,65999,No,9.92,New York
942,Emma Perez,34,Female,Management,3,121088,No,9.48,Seattle
943,Jacob Lee,27,Male,HR,0,80497,Yes,9.75,San Francisco
944,Sophia Wilson,38,Male,Design,0,58801,No,7.45,Seattle
945,Olivia Davis,49,Male,Design,22,52285,Yes,9.99,Denver
946,Liam Perez,28,Male,Product,1,67204,No,8.32,Austin
947,Charlotte Thompson,37,Male,Software,5,123690,Yes,7.61,San Francisco
948,Logan Davis,43,Male,Product,17,102205,Yes,8.01,New York
949,Sophia Rodriguez,47,Male,Design,1,84773,No,8.51,New York
950,Sophia Brown,38,Female,Product,5,64866,No,9.34,Austin
951,Harper Anderson,49,Female,Management,15,142745,No,9.76,Austin
952,Lucas Wilson,30,Male,Data Science,1,71885,Yes,9.17,Boston
953,Harper Rodriguez,54,Male,Data Science,24,78518,Yes,7.9,San Francisco
954,Jacob Martin,26,Female,Software,3,113918,No,8.21,Chicago
955,Ava Taylor,45,Male,Software,7,98406,No,8.32,Boston
956,Elijah Martin,55,Male,Software,23,131881,Yes,6.97,New York
957,Amelia Martin,23,Male,Data Science,1,114798,Yes,8.97,San Francisco
958,Amelia Taylor,33,Female,Management,6,138368,No,9.95,Seattle
959,Olivia Jackson,29,Female,Management,6,118836,Yes,9.86,Austin
960,Isabella Miller,59,Female,Software,12,90402,No,8.32,New York
961,Harper Clark,31,Male,Design,0,64683,Yes,7.19,San Francisco
962,Harper Jackson,26,Male,Software,1,134128,No,7.93,San Francisco
963,James Thompson,23,Female,Data Science,0,97853,No,7.59,Austin
964,Mia Clark,26,Male,HR,0,77410,Yes,7.79,Austin
965,Mia Taylor,56,Male,Management,9,100019,No,6.61,New York
966,Elijah Martinez,38,Female,Data Science,4,117757,No,8.0,New York
967,Amelia Thomas,52,Male,Product,8,100890,No,7.29,Seattle
968,Ethan Moore,34,Female,Management,0,119764,No,9.33,Austin
969,Noah Harris,27,Female,Design,2,65640,No,9.57,San Francisco
970,Amelia Anderson,57,Male,Design,13,54203,Yes,8.95,Seattle
971,Ava Martin,43,Female,Product,18,89071,No,8.71,New York
972,Emma Lee,32,Female,Data Science,5,82742,Yes,9.38,Denver
973,Ethan Taylor,40,Female,Software,10,85658,Yes,8.17,Los Angeles
974,Mia Thomas,24,Male,Data Science,2,117532,Yes,8.69,Los Angeles
975,Logan Johnson,53,Female,Management,20,143899,No,6.99,Seattle
976,Emma Jackson,39,Female,Product,13,89230,No,9.57,Chicago
977,Mason Brown,50,Male,Management,14,114698,Yes,7.42,Denver
978,Isabella Martin,44,Female,HR,14,74678,No,7.61,Boston
979,Logan Martinez,47,Male,Software,7,80053,No,7.68,Denver
980,Noah Garcia,57,Female,Software,15,94060,Yes,9.03,Seattle
981,Sophia Perez,31,Female,Management,8,122133,Yes,8.42,New York
982,Ava Clark,39,Female,HR,0,65871,No,9.8,New York
983,Isabella Garcia,57,Female,Management,0,116699,Yes,9.18,Austin
984,Liam Moore,23,Male,Product,1,101634,No,7.72,Los Angeles
985,Lucas Anderson,32,Female,Management,0,142861,Yes,7.79,Austin
986,Mia Rodriguez,48,Male,Data Science,19,93179,Yes,7.14,New York
987,Harper Clark,38,Male,Product,15,62846,Yes,8.04,New York
988,Lucas Miller,50,Male,Data Science,24,104721,No,7.59,Boston
989,Mason Wilson,25,Female,Product,3,99338,Yes,8.61,Denver
990,William Davis,53,Female,Software,0,126662,Yes,7.3,Seattle
991,Elijah Brown,22,Female,Data Science,0,112635,No,7.07,Seattle
992,Emma Perez,29,Female,Product,1,69897,Yes,6.68,New York
993,Logan Taylor,40,Male,Data Science,17,88069,Yes,8.71,Boston
994,Olivia Thomas,34,Male,HR,11,50004,Yes,9.57,Austin
995,Noah Harris,57,Female,Management,16,122679,No,9.57,Austin
996,Harper Perez,29,Male,Product,7,110836,No,6.83,Chicago
997,Mia Miller,43,Female,Data Science,6,90935,Yes,8.34,Chicago
998,Jacob Jackson,40,Male,Management,9,118134,No,6.84,San Francisco
999,Sophia Moore,42,Male,HR,3,78804,No,8.74,Austin
1000,Lucas Garcia,23,Female,Data Science,1,123843,No,7.81,Los Angeles
